{
  "Yqfewdi": 32143.0,
  "Umdyp": 76054.0,
  "Axmu": 747962.8072030573,
  "Onvyvga": 32143.0,
  "Ugqayry": 76054.0,
  "Uhco": 747962.8072030573,
  "Ycqomf": 32143.0,
  "Evsuys": 76054.0,
  "Ucciy": 747962.8072030573,
  "Avjyn": 32143.0
}